id,pred_label
1089,Class_A
2985,Class_D
48,Class_C
1026,Class_B
1581,Class_F
2619,Class_C
2405,Class_F
3115,Class_E
1218,Class_B
3272,Class_D
2807,Class_B
1303,Class_D
2407,Class_C
3086,Class_B
649,Class_C
2316,Class_B
218,Class_D
1310,Class_D
2362,Class_D
1529,Class_D
399,Class_B
3115,Class_E
1665,Class_C
1935,Class_E
229,Class_C
1935,Class_E
2255,Class_C
538,Class_D
1107,Class_C
1373,Class_C
170,Class_D
2485,Class_D
925,Class_C
754,Class_E
1721,Class_B
129,Class_B
380,Class_C
3149,Class_E
170,Class_D
2484,Class_D
1645,Class_C
1308,Class_D
2454,Class_C
2974,Class_B
3033,Class_C
3153,Class_B
2529,Class_D
1219,Class_C
2389,Class_B
661,Class_C
1867,Class_B
1387,Class_C
991,Class_C
1789,Class_D
1274,Class_D
1343,Class_C
3279,Class_E
3074,Class_C
1796,Class_C
2616,Class_D
1169,Class_F
2493,Class_C
736,Class_B
978,Class_E
1931,Class_D
2867,Class_D
2330,Class_B
2352,Class_D
1387,Class_C
2088,Class_B
1238,Class_B
3326,Class_C
308,Class_B
1741,Class_C
1999,Class_C
1427,Class_D
116,Class_D
2805,Class_D
804,Class_B
1133,Class_C
1812,Class_D
1133,Class_C
1523,Class_E
351,Class_D
3326,Class_C
1495,Class_C
2170,Class_C
1873,Class_B
2073,Class_B
1645,Class_C
1916,Class_E
201,Class_E
2354,Class_E
2040,Class_E
961,Class_C
3236,Class_F
2550,Class_B
2068,Class_C
754,Class_E
201,Class_E
1665,Class_C
1645,Class_C
1327,Class_E
1813,Class_C
3115,Class_E
1909,Class_C
1804,Class_D
1976,Class_C
1027,Class_D
1873,Class_B
3201,Class_E
2182,Class_C
961,Class_C
2996,Class_B
1952,Class_E
1811,Class_D
170,Class_D
1515,Class_D
955,Class_C
3131,Class_D
1342,Class_D
850,Class_D
149,Class_D
1648,Class_D
2684,Class_D
2627,Class_C
1493,Class_C
2703,Class_C
955,Class_C
2727,Class_D
2108,Class_D
979,Class_B
2028,Class_D
2407,Class_C
2594,Class_D
2255,Class_C
1387,Class_C
2864,Class_F
2389,Class_B
582,Class_E
119,Class_B
2118,Class_D
1583,Class_B
2453,Class_D
229,Class_C
2191,Class_D
229,Class_C
103,Class_D
961,Class_C
269,Class_C
2963,Class_D
539,Class_B
3235,Class_D
2117,Class_D
2405,Class_C
1839,Class_D
2550,Class_B
1028,Class_C
2429,Class_E
351,Class_D
2026,Class_F
3231,Class_D
2316,Class_B
2048,Class_D
981,Class_C
1249,Class_D
1006,Class_C
2914,Class_D
1098,Class_C
1028,Class_C
794,Class_E
2407,Class_C
702,Class_D
122,Class_E
626,Class_B
1387,Class_C
1944,Class_D
1873,Class_B
2561,Class_B
3137,Class_E
231,Class_B
626,Class_B
3137,Class_E
2761,Class_D
2274,Class_C
156,Class_C
649,Class_C
744,Class_B
229,Class_C
850,Class_D
2588,Class_C
2352,Class_D
649,Class_C
234,Class_E
380,Class_C
103,Class_D
2530,Class_E
1308,Class_D
1864,Class_C
620,Class_C
2316,Class_B
2407,Class_C
2858,Class_C
2644,Class_D
306,Class_F
2248,Class_F
2511,Class_B
1796,Class_C
509,Class_E
882,Class_B
1774,Class_B
1629,Class_D
2095,Class_B
376,Class_D
2558,Class_C
1970,Class_D
2048,Class_D
2686,Class_D
649,Class_C
1619,Class_D
1710,Class_D
1141,Class_C
1631,Class_E
2219,Class_D
2241,Class_E
1308,Class_D
1132,Class_C
981,Class_C
1268,Class_B
1373,Class_C
1277,Class_D
702,Class_D
1864,Class_C
2580,Class_D
2984,Class_C
1872,Class_D
2749,Class_B
626,Class_B
3033,Class_C
1744,Class_B
2369,Class_E
150,Class_B
712,Class_C
1720,Class_F
1907,Class_C
3308,Class_D
2835,Class_E
1762,Class_C
1343,Class_C
1484,Class_D
1626,Class_E
1796,Class_C
1867,Class_B
3154,Class_C
2942,Class_C
3130,Class_D
582,Class_E
959,Class_C
3220,Class_C
2366,Class_E
2619,Class_C
1310,Class_D
2429,Class_E
955,Class_C
1813,Class_C
351,Class_D
2072,Class_E
606,Class_C
3326,Class_C
170,Class_D
201,Class_E
2731,Class_B
2352,Class_D
380,Class_C
2040,Class_E
825,Class_C
1101,Class_C
2164,Class_D
3294,Class_B
201,Class_E
172,Class_E
1313,Class_B
2713,Class_B
1479,Class_E
3137,Class_E
1670,Class_D
762,Class_C
460,Class_C
3073,Class_B
160,Class_C
1308,Class_D
2389,Class_B
1882,Class_F
831,Class_C
2031,Class_D
1873,Class_B
2255,Class_C
2088,Class_B
2532,Class_D
2073,Class_B
2407,Class_C
2580,Class_D
569,Class_E
712,Class_C
10,Class_D
638,Class_B
979,Class_B
1194,Class_B
2166,Class_D
649,Class_C
2389,Class_B
206,Class_B
1293,Class_C
3200,Class_B
1015,Class_E
1565,Class_C
2204,Class_D
1387,Class_C
3326,Class_C
1813,Class_C
2912,Class_C
613,Class_D
1872,Class_D
2529,Class_D
380,Class_C
2352,Class_D
2625,Class_F
229,Class_C
18,Class_D
961,Class_C
2313,Class_C
2302,Class_C
682,Class_C
1133,Class_C
1886,Class_B
356,Class_C
127,Class_D
2260,Class_F
2509,Class_B
654,Class_D
1327,Class_E
888,Class_E
2452,Class_D
794,Class_E
3127,Class_D
2048,Class_D
3086,Class_B
754,Class_E
996,Class_D
356,Class_C
3158,Class_C
2582,Class_B
615,Class_B
170,Class_D
1039,Class_D
1872,Class_D
544,Class_B
795,Class_E
3119,Class_A
1105,Class_B
368,Class_C
438,Class_D
1219,Class_C
311,Class_C
1028,Class_C
2040,Class_E
2117,Class_D
761,Class_C
1927,Class_D
8,Class_D
1872,Class_D
1441,Class_C
1497,Class_D
523,Class_D
855,Class_E
1268,Class_B
1721,Class_B
2088,Class_B
2164,Class_D
2713,Class_B
1494,Class_C
3056,Class_D
2429,Class_E
2187,Class_C
1553,Class_D
1023,Class_C
2048,Class_D
955,Class_C
1839,Class_D
2004,Class_C
1864,Class_C
2580,Class_D
2289,Class_C
2580,Class_D
2074,Class_B
170,Class_D
2048,Class_D
626,Class_B
229,Class_C
816,Class_B
1422,Class_D
1820,Class_D
2048,Class_D
1427,Class_D
649,Class_C
3056,Class_D
2316,Class_B
2106,Class_E
2255,Class_C
2289,Class_C
1935,Class_E
862,Class_C
203,Class_B
2510,Class_C
3220,Class_C
2429,Class_E
2446,Class_B
878,Class_B
2261,Class_C
3086,Class_B
2623,Class_B
979,Class_B
2446,Class_B
649,Class_C
2591,Class_E
2652,Class_C
1343,Class_C
1726,Class_E
170,Class_D
2117,Class_D
473,Class_C
314,Class_C
649,Class_C
981,Class_C
1495,Class_C
2866,Class_B
1872,Class_D
2257,Class_C
2330,Class_B
1484,Class_D
2370,Class_D
1931,Class_D
2627,Class_C
127,Class_D
981,Class_C
991,Class_C
298,Class_C
2862,Class_B
2576,Class_B
3220,Class_C
1864,Class_C
686,Class_B
356,Class_C
1133,Class_C
1446,Class_D
615,Class_B
794,Class_E
504,Class_E
1308,Class_D
1213,Class_C
2352,Class_D
170,Class_D
2042,Class_D
1497,Class_D
1923,Class_C
926,Class_C
2529,Class_D
2149,Class_D
991,Class_C
3220,Class_C
3131,Class_D
170,Class_D
2446,Class_B
820,Class_C
2248,Class_F
2984,Class_C
2261,Class_C
2576,Class_B
798,Class_B
2038,Class_F
794,Class_E
550,Class_D
1839,Class_D
986,Class_F
3293,Class_C
2457,Class_F
3137,Class_E
2964,Class_B
2072,Class_E
615,Class_B
1873,Class_B
1423,Class_D
3129,Class_D
3182,Class_E
3101,Class_C
201,Class_E
585,Class_B
1873,Class_B
3064,Class_D
2771,Class_C
2737,Class_D
2105,Class_D
959,Class_C
2248,Class_F
3101,Class_C
1935,Class_E
2866,Class_B
712,Class_C
54,Class_D
783,Class_B
626,Class_B
2616,Class_D
2888,Class_C
2389,Class_B
1070,Class_D
96,Class_C
2813,Class_C
979,Class_B
2352,Class_D
2446,Class_B
256,Class_D
218,Class_D
981,Class_C
1424,Class_F
2040,Class_E
218,Class_D
1786,Class_E
1150,Class_B
556,Class_B
2906,Class_C
2529,Class_D
3268,Class_E
2655,Class_E
1495,Class_C
1813,Class_C
981,Class_C
1450,Class_E
2276,Class_E
1006,Class_C
2191,Class_D
239,Class_D
298,Class_C
1487,Class_B
691,Class_E
3205,Class_C
2970,Class_D
1679,Class_F
600,Class_B
1840,Class_E
229,Class_C
694,Class_D
3269,Class_E
3289,Class_E
671,Class_C
1465,Class_D
1978,Class_B
2895,Class_D
1719,Class_B
2316,Class_B
129,Class_B
2048,Class_D
1391,Class_D
2918,Class_C
2684,Class_D
2191,Class_D
2634,Class_D
103,Class_D
2004,Class_C
694,Class_D
1389,Class_C
1864,Class_C
979,Class_B
2088,Class_B
3115,Class_E
1721,Class_B
1367,Class_D
959,Class_C
2530,Class_E
2407,Class_C
2217,Class_C
1491,Class_B
2185,Class_D
3101,Class_C
380,Class_C
1354,Class_D
380,Class_C
955,Class_C
370,Class_B
2446,Class_B
694,Class_D
103,Class_D
1796,Class_C
3233,Class_F
398,Class_D
170,Class_D
230,Class_B
170,Class_D
2313,Class_C
2606,Class_D
2328,Class_D
218,Class_D
2131,Class_D
2389,Class_B
2876,Class_C
888,Class_E
3086,Class_B
1550,Class_B
398,Class_D
2835,Class_E
1645,Class_C
1937,Class_B
626,Class_B
2891,Class_C
1839,Class_D
1387,Class_C
600,Class_B
1563,Class_B
3142,Class_C
1523,Class_E
2330,Class_B
694,Class_D
3246,Class_D
1484,Class_D
1373,Class_C
3086,Class_B
2088,Class_B
626,Class_B
2330,Class_B
2104,Class_E
229,Class_C
2376,Class_D
1935,Class_E
2352,Class_D
1015,Class_E
820,Class_C
2949,Class_E
1873,Class_B
2848,Class_C
2627,Class_C
1133,Class_C
858,Class_D
2248,Class_F
694,Class_D
1495,Class_C
2791,Class_D
2426,Class_D
1935,Class_E
201,Class_E
3099,Class_C
2684,Class_D
643,Class_C
2841,Class_B
2191,Class_D
674,Class_D
702,Class_D
298,Class_C
1006,Class_C
906,Class_D
517,Class_D
867,Class_E
694,Class_D
1992,Class_C
2530,Class_E
824,Class_D
1342,Class_D
1133,Class_C
2191,Class_D
2622,Class_B
233,Class_C
1717,Class_C
794,Class_E
365,Class_E
626,Class_B
3101,Class_C
1422,Class_D
1873,Class_B
959,Class_C
370,Class_B
2048,Class_D
2328,Class_D
1244,Class_D
1813,Class_C
1851,Class_C
1422,Class_D
1133,Class_C
257,Class_C
2172,Class_D
2914,Class_D
2594,Class_D
1291,Class_D
1864,Class_C
1285,Class_B
2307,Class_E
1308,Class_D
1038,Class_C
2558,Class_C
2822,Class_E
3137,Class_E
128,Class_C
3035,Class_D
2529,Class_D
2352,Class_D
2493,Class_C
955,Class_C
2981,Class_B
1265,Class_B
1840,Class_E
582,Class_E
3033,Class_C
3033,Class_C
1952,Class_E
991,Class_C
1923,Class_C
2407,Class_C
794,Class_E
1308,Class_D
3278,Class_C
649,Class_C
1069,Class_F
1308,Class_D
1308,Class_D
465,Class_C
3158,Class_C
586,Class_C
1867,Class_B
1172,Class_C
1373,Class_C
34,Class_B
1886,Class_B
2352,Class_D
961,Class_C
888,Class_E
130,Class_D
2558,Class_C
3018,Class_D
2048,Class_D
30,Class_C
566,Class_D
85,Class_E
103,Class_D
2352,Class_D
2753,Class_E
1054,Class_C
2429,Class_E
2330,Class_B
3137,Class_E
